chrom	start	end	gene	distance	peak_type
chr1	9990755	9991639	RBP7	-5589	distal
chr1	9996870	9997513	RBP7	0	promoter
chr1	12150275	12151198	TNFRSF1B	-15793	distal
chr1	12151762	12152558	TNFRSF1B	-14433	distal
chr1	12152998	12153890	TNFRSF1B	-13101	distal
chr1	12157563	12158370	TNFRSF1B	-8621	distal
chr1	12161517	12162411	TNFRSF1B	-4580	distal
chr1	12166617	12167452	TNFRSF1B	0	promoter
chr1	12173426	12174323	TNFRSF1B	6424	distal
chr1	12177681	12178517	TNFRSF1B	10679	distal
chr1	12178890	12179744	TNFRSF1B	11888	distal
chr1	12180192	12180952	TNFRSF1B	13190	distal
chr1	12183927	12184851	TNFRSF1B	16925	distal
chr1	12196398	12197310	TNFRSF1B	29396	distal
chr1	12201349	12202246	TNFRSF1B	0	distal
chr1	12203883	12204706	TNFRSF1B	0	distal
chr1	12208649	12209539	TNFRSF1B	0	distal
chr1	27666665	27667380	IFI6	0	distal
chr1	27668948	27669859	IFI6	0	distal
chr1	27671846	27672760	IFI6	0	promoter
chr1	32003305	32004323	KHDRBS1	-9545	distal
chr1	32005181	32006088	KHDRBS1	-7780	distal
chr1	32013273	32014179	KHDRBS1	0	promoter
chr1	32020103	32020939	KHDRBS1	6108	distal
chr1	32249674	32250593	LCK	-646	promoter
chr1	32251071	32251747	LCK	0	promoter
chr1	32253520	32254376	LCK	2256	distal
chr1	32255128	32256061	LCK	3864	distal
chr1	32256556	32257467	LCK	5292	distal
chr1	32263457	32264377	LCK	-9734	distal
chr1	32266757	32267598	LCK	-6513	distal
chr1	32272235	32273055	LCK	-1056	distal
chr1	32273540	32274456	LCK	0	promoter
chr1	112700462	112701363	RHOC	0	distal
chr1	112704726	112705603	RHOC	1453	distal
chr1	112706822	112707705	RHOC	0	promoter
chr1	113835440	113836310	PTPN22	0	distal
chr1	113848849	113849719	PTPN22	0	distal
chr1	113850005	113850813	PTPN22	0	distal
chr1	113855356	113856270	PTPN22	0	distal
chr1	113858156	113858794	PTPN22	0	distal
chr1	113859290	113860143	PTPN22	0	distal
chr1	113868186	113869087	PTPN22	2611	distal
chr1	113871378	113872201	PTPN22	0	promoter
chr1	113872491	113873121	PTPN22	-739	promoter
chr1	113874036	113874983	PTPN22	-2284	distal
chr1	113878763	113879653	PTPN22	-7011	distal
chr1	116724473	116725379	CD2	-29051	distal
chr1	116726824	116727707	CD2	-26723	distal
chr1	116737212	116738058	CD2	-16372	distal
chr1	116738626	116739463	CD2	-14967	distal
chr1	116751091	116751938	CD2	-2492	distal
chr1	116753932	116754806	CD2	0	promoter
chr1	116763093	116763951	CD2	8627	distal
chr1	116764332	116765244	CD2	9866	distal
chr1	116766731	116767604	CD2	12265	distal
chr1	116769401	116770302	CD2	14935	distal
chr1	116794521	116795387	CD2	40055	distal
chr1	116799206	116800070	CD2	44740	distal
chr1	116805946	116806914	CD2	51480	distal
chr1	116808624	116809493	CD2	54158	distal
chr1	116810228	116811097	CD2	55762	distal
chr1	116816173	116817042	CD2	61707	distal
chr1	116817466	116818249	CD2	63000	distal
chr1	116826894	116827761	CD2	72428	distal
chr1	150759807	150760685	CTSS	5093	distal
chr1	150761572	150762452	CTSS	3326	distal
chr1	150765403	150766309	CTSS	0	promoter
chr1	150770789	150771634	CTSS	-4998	distal
chr1	150775059	150775909	CTSS	-9268	distal
chr1	150777212	150778201	CTSS	-11421	distal
chr1	150780218	150781079	CTSS	-14427	distal
chr1	152029013	152029905	S100A11	7099	distal
chr1	152034589	152035410	S100A11	1594	distal
chr1	152036490	152037300	S100A11	0	promoter
chr1	152038005	152038853	S100A11	-1002	distal
chr1	152047804	152048703	S100A11	-10801	distal
chr1	152049562	152050320	S100A11	-12559	distal
chr1	152052313	152053194	S100A11	-15310	distal
chr1	153355222	153356107	S100A9	-1747	distal
chr1	153357379	153358210	S100A9	0	promoter
chr1	153365012	153365923	S100A9	7159	distal
chr1	153386234	153387137	S100A8	3839	distal
chr1	153390695	153391597	S100A8	0	promoter
chr1	154607794	154608694	ADAR	0	promoter
chr1	154609399	154610157	ADAR	-603	promoter
chr1	154623103	154624003	ADAR	3606	distal
chr1	154627462	154628281	ADAR	0	promoter
chr1	156020498	156021365	SSR2	0	promoter
chr1	158274610	158275525	CD1C	-14398	distal
chr1	158283649	158284512	CD1C	-5411	distal
chr1	158285518	158286434	CD1C	-3489	distal
chr1	158290164	158291028	CD1C	242	distal
chr1	159281886	159282801	FCER1A	-6913	distal
chr1	159291247	159291944	FCER1A	1534	distal
chr1	159292061	159292791	FCER1A	2348	distal
chr1	159315118	159316026	FCER1A	12783	distal
chr1	159342774	159343695	FCER1A	40439	distal
chr1	161209547	161210438	FCER1G	-4841	distal
chr1	161214829	161215620	FCER1G	0	promoter
chr1	161216795	161217660	FCER1G	1501	distal
chr1	161539773	161540672	FCGR3A	9356	distal
chr1	161541713	161542620	FCGR3A	7408	distal
chr1	161544992	161545852	FCGR3A	4176	distal
chr1	161549433	161550294	FCGR3A	0	promoter
chr1	161705222	161706104	FCRLA	-868	promoter
chr1	161706738	161707646	FCRLA	0	promoter
chr1	167437871	167438788	CD247	0	distal
chr1	167439091	167439964	CD247	0	distal
chr1	167441896	167442784	CD247	0	distal
chr1	167447442	167448350	CD247	0	distal
chr1	167450585	167451466	CD247	0	distal
chr1	167455192	167456107	CD247	0	distal
chr1	167460582	167461477	CD247	0	distal
chr1	167471348	167472198	CD247	0	distal
chr1	167472663	167473448	CD247	0	distal
chr1	167473892	167474797	CD247	0	distal
chr1	167481992	167482871	CD247	0	distal
chr1	167483557	167484345	CD247	0	distal
chr1	167486055	167486939	CD247	0	distal
chr1	167489253	167490130	CD247	28408	distal
chr1	167491890	167492800	CD247	25738	distal
chr1	167499436	167500329	CD247	18209	distal
chr1	167516318	167517070	CD247	1468	distal
chr1	167517391	167518127	CD247	411	distal
chr1	167518253	167519052	CD247	0	promoter
chr1	167533501	167534416	CD247	-14892	distal
chr1	168520030	168520915	XCL2	23082	distal
chr1	168521359	168522198	XCL2	21799	distal
chr1	168529160	168530071	XCL2	13926	distal
chr1	168531410	168532275	XCL2	11722	distal
chr1	168535288	168536198	XCL2	7799	distal
chr1	168543625	168544494	XCL2	0	promoter
chr1	168553861	168554681	XCL2	-9865	distal
chr1	168557499	168558380	XCL2	-13503	distal
chr1	192550674	192551603	RGS1	-24170	distal
chr1	192552493	192553382	RGS1	-22391	distal
chr1	192559002	192559998	RGS1	-15775	distal
chr1	192571504	192572377	RGS1	-3396	distal
chr1	192575216	192576124	RGS1	0	promoter
chr1	192579034	192579829	RGS1	3262	distal
chr1	192580324	192581122	RGS1	4552	distal
chr1	192797626	192798543	RGS2	-10496	distal
chr1	192805580	192806448	RGS2	-2591	distal
chr1	192806961	192807817	RGS2	-1222	distal
chr1	192808515	192809421	RGS2	0	promoter
chr1	192813367	192814131	RGS2	4329	distal
chr1	192814633	192815450	RGS2	5595	distal
chr1	192817080	192817962	RGS2	8042	distal
chr1	192865904	192866839	RGS2	56866	distal
chr10	5089604	5090484	AKR1C3	-3930	distal
chr10	5094110	5095022	AKR1C3	0	promoter
chr10	32273114	32274009	EPC1	0	distal
chr10	32283054	32283952	EPC1	0	distal
chr10	32290330	32291244	EPC1	0	distal
chr10	32294688	32295590	EPC1	0	distal
chr10	32318270	32319145	EPC1	0	distal
chr10	32332007	32332913	EPC1	0	distal
chr10	32340398	32341085	EPC1	0	distal
chr10	32346063	32346765	EPC1	0	distal
chr10	32346888	32347570	EPC1	0	promoter
chr10	32352286	32353169	EPC1	0	distal
chr10	32356898	32357835	EPC1	0	distal
chr10	32367618	32368469	EPC1	10329	distal
chr10	32371569	32372284	EPC1	6514	distal
chr10	32377249	32378006	EPC1	792	distal
chr10	32378461	32379263	EPC1	0	promoter
chr10	43396758	43397562	HNRNPF	0	promoter
chr10	43404416	43405256	HNRNPF	2563	distal
chr10	43407308	43408004	HNRNPF	0	promoter
chr10	43408677	43409595	HNRNPF	0	promoter
chr10	46018513	46019303	NCOA4	234	distal
chr10	46019610	46020435	NCOA4	-74	promoter
chr10	46020754	46021617	NCOA4	-1218	distal
chr10	46022999	46023892	NCOA4	0	promoter
chr10	46028333	46029182	NCOA4	1410	distal
chr10	46030153	46031041	NCOA4	0	promoter
chr10	70549582	70550467	PRF1	52220	distal
chr10	70558937	70559861	PRF1	42826	distal
chr10	70565398	70566244	PRF1	36443	distal
chr10	70575717	70576602	PRF1	26085	distal
chr10	70578103	70578991	PRF1	23696	distal
chr10	70579538	70580342	PRF1	22345	distal
chr10	70584863	70585723	PRF1	16964	distal
chr10	70592590	70593405	PRF1	9282	distal
chr10	70602495	70603275	PRF1	0	promoter
chr10	70603402	70604010	PRF1	-644	promoter
chr10	70610358	70611196	PRF1	-7600	distal
chr10	70613782	70614614	PRF1	-11024	distal
chr10	70616591	70617555	PRF1	-13833	distal
chr10	71817676	71818543	PSAP	0	distal
chr10	71828877	71829789	PSAP	21462	distal
chr10	71832760	71833641	PSAP	17610	distal
chr10	71835913	71836802	PSAP	14449	distal
chr10	71846566	71847411	PSAP	3840	distal
chr10	71850845	71851730	PSAP	0	promoter
chr10	71852412	71853154	PSAP	-1088	distal
chr10	71860190	71861074	PSAP	-8866	distal
chr10	133357517	133358390	FUOM	0	promoter
chr11	304655	305559	IFITM2	-2072	distal
chr11	307788	308718	IFITM2	0	promoter
chr11	309263	309865	IFITM2	1047	distal
chr11	319004	319788	IFITM3	0	distal
chr11	320305	321216	IFITM3	0	promoter
chr11	326698	327596	IFITM3	0	promoter
chr11	329181	329954	IFITM3	-1645	distal
chr11	737422	738238	TALDO1	-9190	distal
chr11	746914	747811	TALDO1	0	promoter
chr11	748297	749080	TALDO1	834	distal
chr11	749614	750419	TALDO1	2151	distal
chr11	764992	765889	TALDO1	0	distal
chr11	59199792	59200706	MPEG1	12221	distal
chr11	59207721	59208602	MPEG1	4325	distal
chr11	59212600	59213452	MPEG1	0	promoter
chr11	59216484	59217395	MPEG1	-3558	distal
chr11	59218647	59219502	MPEG1	-5721	distal
chr11	59222326	59223227	MPEG1	-9400	distal
chr11	59224379	59225279	MPEG1	-11453	distal
chr11	59228997	59229909	MPEG1	-16071	distal
chr11	59233728	59234512	MPEG1	-20802	distal
chr11	59247482	59248358	MPEG1	-34556	distal
chr11	60182576	60183428	MS4A6A	0	promoter
chr11	60184984	60185887	MS4A6A	-319	promoter
chr11	60188228	60189131	MS4A6A	-3563	distal
chr11	60193569	60194434	MS4A6A	-8904	distal
chr11	60204798	60205634	MS4A6A	-20133	distal
chr11	60357510	60358401	MS4A7	-20084	distal
chr11	60363566	60363997	MS4A7	-14488	distal
chr11	60366801	60367676	MS4A7	-10809	distal
chr11	60371002	60371857	MS4A7	-6628	distal
chr11	60377703	60378184	MS4A7	-301	promoter
chr11	60378277	60378693	MS4A7	0	promoter
chr11	60389213	60390074	MS4A7	0	distal
chr11	60390532	60391149	MS4A7	0	distal
chr11	60392269	60393041	MS4A7	0	distal
chr11	60446287	60447187	MS4A1	-8622	distal
chr11	60455254	60456156	MS4A1	0	promoter
chr11	60476814	60477714	MS4A1	14634	distal
chr11	61347749	61348687	CYB561A3	8114	distal
chr11	61356908	61357809	CYB561A3	0	promoter
chr11	61361701	61362618	CYB561A3	0	promoter
chr11	64204249	64205114	FERMT3	-1620	distal
chr11	64205511	64206078	FERMT3	-656	promoter
chr11	64206208	64206964	FERMT3	0	promoter
chr11	64207394	64208297	FERMT3	661	distal
chr11	64216844	64217596	FERMT3	0	distal
chr11	65879377	65880274	CTSW	0	promoter
chr11	67572501	67573366	GSTP1	-10229	distal
chr11	67579279	67580138	GSTP1	-3457	distal
chr11	67583419	67584208	GSTP1	0	promoter
chr11	67587588	67588525	GSTP1	3847	distal
chr11	67591832	67592684	GSTP1	8091	distal
chr11	93497281	93498198	SMCO4	1153	distal
chr11	93512682	93513526	SMCO4	-13332	distal
chr11	93515114	93516175	SMCO4	-15764	distal
chr11	93523553	93524416	SMCO4	13499	distal
chr11	93528872	93529392	SMCO4	8523	distal
chr11	93537529	93538422	SMCO4	0	promoter
chr11	93541808	93542537	SMCO4	854	distal
chr11	93542964	93543821	SMCO4	0	promoter
chr11	93591160	93591980	SMCO4	-47770	distal
chr11	102402255	102403153	TMEM123	49213	distal
chr11	102413245	102414117	TMEM123	38249	distal
chr11	102415049	102415952	TMEM123	36414	distal
chr11	102416750	102417623	TMEM123	34743	distal
chr11	102422667	102423546	TMEM123	28820	distal
chr11	102426886	102427760	TMEM123	24606	distal
chr11	102429626	102430082	TMEM123	22284	distal
chr11	102430209	102430964	TMEM123	21402	distal
chr11	102446959	102447851	TMEM123	4515	distal
chr11	102448569	102449446	TMEM123	2920	distal
chr11	102451375	102452132	TMEM123	234	distal
chr11	102452486	102453371	TMEM123	0	promoter
chr11	105043537	105044280	CARD16	1044	distal
chr11	105044871	105045765	CARD16	0	promoter
chr11	105054855	105055746	CARD16	-9532	distal
chr11	105070006	105070848	CARD16	-24683	distal
chr11	105071151	105071984	CARD16	-25828	distal
chr11	118290947	118291218	CD3E	-13327	distal
chr11	118291337	118292069	CD3E	-12476	distal
chr11	118295636	118296526	CD3E	-8019	distal
chr11	118304272	118305161	CD3E	0	promoter
chr11	118305618	118306359	CD3E	720	distal
chr11	118315222	118315843	CD3E	10324	distal
chr11	118316406	118317290	CD3E	11508	distal
chr11	118319149	118319975	CD3E	14251	distal
chr11	118321493	118322388	CD3E	16595	distal
chr11	118334477	118335375	CD3D	7256	distal
chr11	118338377	118339260	CD3D	3371	distal
chr11	118342291	118343148	CD3D	0	promoter
chr11	124717857	124718773	NRGN	-21169	distal
chr11	124725123	124726074	NRGN	-13868	distal
chr11	124732006	124732888	NRGN	-7054	distal
chr11	124736427	124737248	NRGN	-2694	distal
chr11	124739552	124740328	NRGN	0	promoter
chr11	124740465	124740969	NRGN	421	distal
chr11	124746401	124747274	NRGN	0	distal
chr11	134244489	134245279	THYN1	7969	distal
chr11	134253014	134253925	THYN1	0	promoter
chr12	6180096	6180968	CD9	-18747	distal
chr12	6182713	6183436	CD9	-16279	distal
chr12	6183645	6184313	CD9	-15402	distal
chr12	6188728	6189555	CD9	-10160	distal
chr12	6192392	6193186	CD9	-6529	distal
chr12	6193682	6194523	CD9	-5192	distal
chr12	6195392	6196274	CD9	-3441	distal
chr12	6199840	6200720	CD9	0	promoter
chr12	6224268	6225101	CD9	-1227	distal
chr12	6226259	6227149	CD9	0	promoter
chr12	6229532	6230187	CD9	3205	distal
chr12	6230481	6231354	CD9	4154	distal
chr12	6638159	6639070	ACRBP	0	distal
chr12	6643665	6644485	ACRBP	2908	distal
chr12	6646952	6647817	ACRBP	0	promoter
chr12	8985082	8986000	KLRG1	-3546	distal
chr12	8987449	8988318	KLRG1	-1228	distal
chr12	8989169	8990064	KLRG1	0	promoter
chr12	8991848	8992718	KLRG1	2228	distal
chr12	8996554	8997408	KLRG1	0	distal
chr12	9002323	9003157	KLRG1	0	distal
chr12	9009831	9010734	KLRG1	0	distal
chr12	10279695	10280584	KLRD1	-23862	distal
chr12	10285669	10286583	KLRD1	-17863	distal
chr12	10288744	10289662	KLRD1	-14784	distal
chr12	10290749	10291656	KLRD1	-12790	distal
chr12	10293269	10294158	KLRD1	-10288	distal
chr12	10296427	10297315	KLRD1	-7131	distal
chr12	10301068	10301959	KLRD1	-2487	distal
chr12	10303868	10304752	KLRD1	0	promoter
chr12	10305426	10306322	KLRD1	981	distal
chr12	10307446	10308287	KLRD1	0	promoter
chr12	21631079	21631990	LDHB	25804	distal
chr12	21657405	21658272	LDHB	0	promoter
chr12	69341064	69341954	LYZ	-6387	distal
chr12	69343185	69344072	LYZ	-4269	distal
chr12	69347982	69348821	LYZ	0	promoter
chr12	105330180	105331073	C12orf75	0	promoter
chr12	105337266	105338131	C12orf75	6557	distal
chr12	105358585	105359493	C12orf75	27876	distal
chr12	105382996	105383877	C12orf75	52287	distal
chr12	105420417	105421409	C12orf75	89708	distal
chr12	110627527	110628423	HVCN1	0	distal
chr12	110647386	110648296	HVCN1	0	distal
chr12	110661224	110662148	HVCN1	21119	distal
chr12	110668747	110669593	HVCN1	13674	distal
chr12	110669936	110670806	HVCN1	12461	distal
chr12	110677212	110678118	HVCN1	5149	distal
chr12	110691044	110691947	HVCN1	-1267	distal
chr12	110694163	110694783	HVCN1	-4386	distal
chr12	110698090	110698965	HVCN1	-8313	distal
chr13	30671087	30672027	ALOX5AP	-41451	distal
chr13	30673731	30674636	ALOX5AP	-38842	distal
chr13	30679476	30680361	ALOX5AP	-33117	distal
chr13	30681634	30682556	ALOX5AP	-30922	distal
chr13	30690106	30690961	ALOX5AP	-22517	distal
chr13	30696191	30697129	ALOX5AP	-16349	distal
chr13	30712849	30713725	ALOX5AP	0	promoter
chr13	30714539	30715368	ALOX5AP	1062	distal
chr13	30718576	30719495	ALOX5AP	5099	distal
chr13	30720274	30721149	ALOX5AP	6797	distal
chr13	30735012	30735921	ALOX5AP	0	promoter
chr13	30737434	30738376	ALOX5AP	1927	distal
chr13	30739799	30740726	ALOX5AP	4292	distal
chr13	30742817	30743603	ALOX5AP	7310	distal
chr13	30744015	30744932	ALOX5AP	8508	distal
chr13	30745807	30746625	ALOX5AP	10300	distal
chr13	30747572	30748454	ALOX5AP	12065	distal
chr13	30767027	30767995	ALOX5AP	31520	distal
chr13	44422746	44423690	TSC22D1	13155	distal
chr13	44434894	44435792	TSC22D1	1053	distal
chr13	44436562	44437471	TSC22D1	0	promoter
chr13	44437788	44438602	TSC22D1	-535	promoter
chr13	44483291	44484166	TSC22D1	-8991	distal
chr13	44484548	44485428	TSC22D1	-10248	distal
chr13	44542334	44542705	TSC22D1	0	distal
chr13	44575430	44576216	TSC22D1	0	distal
chr13	44577115	44578003	TSC22D1	-551	promoter
chr13	44593661	44594584	TSC22D1	-17097	distal
chr13	113272436	113273293	LAMP1	-23946	distal
chr13	113273708	113274500	LAMP1	-22739	distal
chr13	113275037	113275966	LAMP1	-21273	distal
chr13	113292044	113292907	LAMP1	-4332	distal
chr13	113296706	113297588	LAMP1	0	promoter
chr14	24605244	24606064	GZMH	3603	distal
chr14	24609484	24610456	GZMH	0	promoter
chr14	24627010	24627921	GZMB	6239	distal
chr14	24633897	24634812	GZMB	0	promoter
chr14	24659886	24660769	GZMB	-25620	distal
chr14	24662607	24663462	GZMB	-28341	distal
chr14	24665325	24666235	GZMB	-31059	distal
chr14	24670372	24671295	GZMB	-36106	distal
chr14	24673121	24673963	GZMB	-38855	distal
chr14	24674375	24675047	GZMB	-40109	distal
chr14	24678611	24679459	GZMB	-44345	distal
chr14	24679768	24680344	GZMB	-45502	distal
chr14	24680607	24681465	GZMB	-46341	distal
chr14	24692712	24693625	GZMB	-58446	distal
chr14	24695000	24695872	GZMB	-60734	distal
chr14	24698770	24699649	GZMB	-64504	distal
chr14	24700409	24701067	GZMB	-66143	distal
chr14	24705587	24706487	GZMB	-71321	distal
chr14	24710184	24711065	GZMB	-75918	distal
chr14	35390687	35391531	NFKBIA	12609	distal
chr14	35403635	35404352	NFKBIA	0	promoter
chr14	35404472	35405138	NFKBIA	0	promoter
chr14	35406684	35407575	NFKBIA	-1939	distal
chr14	35412922	35413871	NFKBIA	-8177	distal
chr14	35415817	35416451	NFKBIA	-11072	distal
chr14	35416636	35417432	NFKBIA	-11891	distal
chr14	35422149	35423032	NFKBIA	-17404	distal
chr14	52220991	52221834	PTGDR	-45864	distal
chr14	52247776	52248679	PTGDR	-19019	distal
chr14	52259179	52260100	PTGDR	-7598	distal
chr14	52267304	52268125	PTGDR	0	promoter
chr14	52272138	52273002	PTGDR	4327	distal
chr14	52286428	52287306	PTGDR	18617	distal
chr14	55098000	55098907	LGALS3	-30345	distal
chr14	55101919	55102775	LGALS3	-26477	distal
chr14	55102924	55103713	LGALS3	-25539	distal
chr14	55103947	55104724	LGALS3	-24528	distal
chr14	55107666	55108502	LGALS3	-20750	distal
chr14	55117656	55118555	LGALS3	-10697	distal
chr14	55120430	55121337	LGALS3	-7915	distal
chr14	55125174	55126079	LGALS3	-3173	distal
chr14	55126858	55127789	LGALS3	-1463	distal
chr14	55129037	55129834	LGALS3	0	promoter
chr14	55131437	55132324	LGALS3	2178	distal
chr14	68771409	68772187	ZFP36L1	19056	distal
chr14	68772638	68773425	ZFP36L1	17818	distal
chr14	68779697	68780560	ZFP36L1	10683	distal
chr14	68780903	68781740	ZFP36L1	9503	distal
chr14	68782008	68782740	ZFP36L1	8503	distal
chr14	68788674	68789540	ZFP36L1	1703	distal
chr14	68792849	68793743	ZFP36L1	0	promoter
chr14	68794172	68795013	ZFP36L1	0	promoter
chr14	68795530	68796478	ZFP36L1	-795	promoter
chr14	68800204	68801071	ZFP36L1	-5469	distal
chr14	68806636	68807457	ZFP36L1	-11901	distal
chr14	68814255	68815131	ZFP36L1	-19520	distal
chr14	68816268	68817120	ZFP36L1	-21533	distal
chr14	68820400	68821175	ZFP36L1	-25665	distal
chr14	68822084	68822923	ZFP36L1	-27349	distal
chr14	68824537	68825409	ZFP36L1	-29802	distal
chr14	68841030	68841962	ZFP36L1	-46295	distal
chr14	68843674	68844575	ZFP36L1	-48939	distal
chr14	68854171	68855052	ZFP36L1	-59436	distal
chr14	68862993	68863920	ZFP36L1	-68258	distal
chr14	94367066	94367949	SERPINA1	20640	distal
chr14	94384625	94385536	SERPINA1	3053	distal
chr14	94387247	94388073	SERPINA1	516	distal
chr14	94390232	94391104	SERPINA1	0	promoter
chr14	94392266	94393171	SERPINA1	-1574	distal
chr14	94394353	94395255	SERPINA1	-3661	distal
chr14	94403071	94403953	SERPINA1	-12379	distal
chr14	94405202	94406064	SERPINA1	-14510	distal
chr14	95704028	95704982	TCL1A	7740	distal
chr14	95707175	95708041	TCL1A	4681	distal
chr14	95713710	95714611	TCL1A	0	promoter
chr14	100341138	100342041	WARS	0	distal
chr14	100373423	100374288	WARS	1059	distal
chr14	100375045	100375760	WARS	0	promoter
chr14	100375981	100376805	WARS	0	promoter
chr14	100377625	100378460	WARS	-821	promoter
chr14	102057169	102058018	HSP90AA1	29173	distal
chr14	102062872	102063733	HSP90AA1	23458	distal
chr14	102086693	102087542	HSP90AA1	0	promoter
chr14	102088287	102089066	HSP90AA1	-1097	distal
chr14	102096277	102097116	HSP90AA1	-9087	distal
chr14	102102779	102103680	HSP90AA1	-15589	distal
chr14	102106005	102106911	HSP90AA1	-18815	distal
chr14	102139319	102140218	HSP90AA1	0	promoter
chr15	57284219	57285090	LINC00926	-15275	distal
chr15	57299603	57300489	LINC00926	0	promoter
chr15	57306288	57307153	LINC00926	1564	distal
chr15	60326596	60327489	ANXA2	70496	distal
chr15	60359374	60360264	ANXA2	37721	distal
chr15	60389063	60389957	ANXA2	8028	distal
chr15	60390903	60391809	ANXA2	6176	distal
chr15	60392436	60393228	ANXA2	4757	distal
chr15	60397665	60398492	ANXA2	0	promoter
chr15	60398708	60399423	ANXA2	-666	promoter
chr15	60408178	60409083	ANXA2	-10136	distal
chr16	1525679	1526523	TMEM204	-2165	distal
chr16	1526716	1527573	TMEM204	-1115	distal
chr16	1533318	1534156	TMEM204	0	promoter
chr16	1535338	1536223	TMEM204	1673	distal
chr16	1537591	1538402	TMEM204	3926	distal
chr16	1538578	1539384	TMEM204	4913	distal
chr16	1543281	1544167	TMEM204	9616	distal
chr16	3065142	3066017	IL32	0	promoter
chr16	3067447	3068277	IL32	1636	distal
chr16	3074642	3075550	IL32	8831	distal
chr16	20763395	20764295	ACSM3	0	promoter
chr16	20774532	20775409	ACSM3	0	distal
chr16	20781581	20782416	ACSM3	0	distal
chr16	28930422	28931267	CD19	-672	promoter
chr16	28936223	28937127	CD19	4256	distal
chr16	82157069	82157950	MPHOSPH6	12245	distal
chr16	82169825	82170747	MPHOSPH6	0	promoter
chr16	84569383	84570304	COTL1	0	distal
chr16	84585577	84586456	COTL1	0	distal
chr16	84593974	84594879	COTL1	0	distal
chr16	84597415	84598292	COTL1	0	distal
chr16	84599291	84600195	COTL1	0	distal
chr16	84600610	84601400	COTL1	0	distal
chr16	84602852	84603739	COTL1	0	distal
chr16	84607651	84608435	COTL1	9624	distal
chr16	84609434	84610298	COTL1	7761	distal
chr16	84617704	84618601	COTL1	0	promoter
chr16	84622035	84622748	COTL1	-3958	distal
chr16	84629335	84630167	COTL1	-11258	distal
chr16	84630593	84631495	COTL1	-12516	distal
chr17	7079925	7080819	CLEC10A	0	promoter
chr17	7081473	7082324	CLEC10A	-1167	distal
chr17	7083969	7084798	CLEC10A	-3663	distal
chr17	7091191	7092102	CLEC10A	-10885	distal
chr17	7094033	7094902	CLEC10A	-13727	distal
chr17	7095492	7096293	CLEC10A	-15186	distal
chr17	7158063	7158994	ASGR1	18488	distal
chr17	7159256	7160057	ASGR1	17425	distal
chr17	7164607	7165487	ASGR1	11995	distal
chr17	7167560	7168450	ASGR1	9032	distal
chr17	7169126	7169973	ASGR1	7509	distal
chr17	7171137	7172042	ASGR1	5440	distal
chr17	7173943	7174857	ASGR1	2625	distal
chr17	7177149	7178047	ASGR1	0	promoter
chr17	7183802	7184670	ASGR1	-4239	distal
chr17	7336162	7336959	ACAP1	0	promoter
chr17	7349868	7350708	ACAP1	0	distal
chr17	7579035	7579943	CD68	0	promoter
chr17	27630875	27631716	LGALS9	0	promoter
chr17	27635161	27636054	LGALS9	3974	distal
chr17	27651117	27651978	LGALS9	19930	distal
chr17	27654415	27655299	LGALS9	23228	distal
chr17	35871175	35872045	CCL5	0	distal
chr17	35875326	35876208	CCL5	4152	distal
chr17	35879967	35880867	CCL5	0	promoter
chr17	35888924	35889862	CCL5	-8132	distal
chr17	35890513	35891420	CCL5	-9721	distal
chr17	35892051	35892851	CCL5	-11259	distal
chr17	35895879	35896773	CCL5	-15087	distal
chr17	35898155	35899006	CCL5	-17363	distal
chr17	35900362	35901208	CCL5	-19570	distal
chr17	36103116	36104014	CCL4	0	promoter
chr17	36104532	36105309	CCL4	706	distal
chr17	36105598	36106386	CCL4	1772	distal
chr17	36107617	36107951	CCL4	3791	distal
chr17	36108061	36108738	CCL4	4235	distal
chr17	40540799	40541640	CCR7	19373	distal
chr17	40542513	40543314	CCR7	17699	distal
chr17	40547168	40548078	CCR7	12935	distal
chr17	40553446	40554370	CCR7	6643	distal
chr17	40560285	40560634	CCR7	379	distal
chr17	40560722	40561167	CCR7	0	promoter
chr17	40561733	40562540	CCR7	-721	promoter
chr17	40565059	40565938	CCR7	0	promoter
chr17	40568268	40569196	CCR7	-2797	distal
chr17	40572276	40573194	CCR7	-6805	distal
chr17	40576048	40576889	CCR7	-10577	distal
chr17	40577444	40578342	CCR7	-11973	distal
chr17	40580732	40581415	CCR7	-15261	distal
chr17	40582060	40582967	CCR7	-16589	distal
chr17	40585965	40586874	CCR7	-20494	distal
chr17	40588378	40589217	CCR7	-22907	distal
chr17	40596035	40596863	CCR7	-30564	distal
chr17	40596995	40597659	CCR7	-31524	distal
chr17	40598732	40599589	CCR7	-33261	distal
chr17	40602506	40603434	CCR7	-37035	distal
chr17	40605106	40606005	CCR7	-39635	distal
chr17	44338342	44339153	GRN	-6149	distal
chr17	44339731	44340604	GRN	-4698	distal
chr17	44344824	44345662	GRN	0	promoter
chr17	44347890	44348797	GRN	-368	promoter
chr17	44350510	44351406	GRN	1346	distal
chr17	44353576	44354270	GRN	4412	distal
chr17	44354391	44355002	GRN	5227	distal
chr17	44385049	44385960	ITGA2B	3689	distal
chr17	44389537	44390442	ITGA2B	0	promoter
chr17	63925378	63926282	CD79B	5979	distal
chr17	63931030	63931808	CD79B	453	distal
chr17	63931959	63932807	CD79B	0	promoter
chr17	63934570	63935483	CD79B	-2217	distal
chr17	63946321	63947194	CD79B	-13968	distal
chr17	75124058	75124938	NT5C	6383	distal
chr17	75131192	75132039	NT5C	0	promoter
chr17	81870943	81871841	ARHGDIA	0	promoter
chr17	82315538	82316419	CD7	1133	distal
chr17	82317092	82317977	CD7	0	promoter
chr17	82321045	82321972	CD7	-3438	distal
chr18	3584627	3585311	DLGAP1-AS1	-8792	distal
chr18	3585572	3586396	DLGAP1-AS1	-7707	distal
chr18	3586710	3587490	DLGAP1-AS1	-6613	distal
chr18	3593693	3594602	DLGAP1-AS1	0	promoter
chr18	3595413	3596297	DLGAP1-AS1	1302	distal
chr18	3596560	3597303	DLGAP1-AS1	2449	distal
chr19	543534	544446	GZMM	0	promoter
chr19	545057	545790	GZMM	1005	distal
chr19	549891	550465	GZMM	5839	distal
chr19	550995	551702	GZMM	6943	distal
chr19	555701	556594	GZMM	11649	distal
chr19	856727	857635	CFD	-2029	distal
chr19	859127	859930	CFD	0	promoter
chr19	860307	861158	CFD	644	distal
chr19	862482	863004	CFD	2819	distal
chr19	863603	864460	CFD	3940	distal
chr19	872518	873413	CFD	12855	distal
chr19	3169214	3170106	S1PR4	-8663	distal
chr19	3172144	3173008	S1PR4	-5761	distal
chr19	3175681	3176487	S1PR4	-2282	distal
chr19	3176814	3177607	S1PR4	-1162	distal
chr19	3178329	3179169	S1PR4	0	promoter
chr19	3180175	3181040	S1PR4	1407	distal
chr19	5622470	5623397	SAFB2	0	promoter
chr19	7692340	7693215	FCER2	6264	distal
chr19	7694146	7695050	FCER2	4429	distal
chr19	7699064	7699951	FCER2	0	promoter
chr19	7701521	7702410	FCER2	0	promoter
chr19	7705375	7706281	FCER2	-3230	distal
chr19	7714461	7715384	FCER2	-12316	distal
chr19	10119487	10120368	EIF3G	0	promoter
chr19	10126027	10126916	EIF3G	-6129	distal
chr19	10142507	10143407	EIF3G	-22609	distal
chr19	13147193	13147726	STX10	2452	distal
chr19	13147829	13148355	STX10	1823	distal
chr19	13149893	13150733	STX10	0	promoter
chr19	14507906	14508626	DNAJB1	9771	distal
chr19	14510534	14511461	DNAJB1	6936	distal
chr19	14518112	14518972	DNAJB1	0	promoter
chr19	14521831	14522720	DNAJB1	-3435	distal
chr19	14523104	14523779	DNAJB1	-4708	distal
chr19	14529042	14529949	DNAJB1	0	promoter
chr19	16066288	16067184	TPM4	-354	promoter
chr19	16070207	16071111	TPM4	2670	distal
chr19	16075967	16076844	TPM4	0	promoter
chr19	16078616	16079438	TPM4	-64	promoter
chr19	16083081	16083942	TPM4	3580	distal
chr19	16086087	16087003	TPM4	6586	distal
chr19	16094806	16095645	TPM4	0	distal
chr19	18167875	18168750	IFI30	-5063	distal
chr19	18169400	18170381	IFI30	-3432	distal
chr19	18170629	18171401	IFI30	-2412	distal
chr19	18173047	18173931	IFI30	0	promoter
chr19	18180686	18181576	IFI30	6874	distal
chr19	18392200	18393113	LRRC25	4498	distal
chr19	18393674	18394483	LRRC25	3128	distal
chr19	18397235	18398117	LRRC25	0	promoter
chr19	18401466	18402364	LRRC25	-3845	distal
chr19	18402827	18403488	LRRC25	-5206	distal
chr19	18407802	18408722	LRRC25	-10181	distal
chr19	35907847	35908560	TYROBP	0	promoter
chr19	35909079	35909957	TYROBP	-785	promoter
chr19	35911137	35911651	TYROBP	-2843	distal
chr19	35911761	35912379	TYROBP	-3467	distal
chr19	35913296	35914216	TYROBP	-5002	distal
chr19	35915091	35915998	TYROBP	-6797	distal
chr19	41871339	41872265	CD79A	-4855	distal
chr19	41872942	41873780	CD79A	-3340	distal
chr19	41875136	41876044	CD79A	-1076	distal
chr19	41876979	41877508	CD79A	0	promoter
chr19	47293672	47294558	C5AR1	-15303	distal
chr19	47295863	47296768	C5AR1	-13093	distal
chr19	47299670	47300562	C5AR1	-9299	distal
chr19	47302007	47302915	C5AR1	-6946	distal
chr19	47305063	47305970	C5AR1	-3891	distal
chr19	47308160	47308966	C5AR1	-895	promoter
chr19	47309323	47310187	C5AR1	0	promoter
chr19	47310687	47311492	C5AR1	827	distal
chr19	47315046	47315955	C5AR1	5186	distal
chr19	47321799	47322680	C5AR1	0	distal
chr19	49506396	49507303	FCGRT	-5358	distal
chr19	49512373	49512869	FCGRT	0	promoter
chr19	49512984	49513700	FCGRT	0	promoter
chr19	49515546	49516441	FCGRT	2168	distal
chr19	49555728	49556601	NOSIP	23955	distal
chr19	49560252	49561075	NOSIP	19481	distal
chr19	49564629	49565237	NOSIP	15319	distal
chr19	49567810	49568683	NOSIP	11873	distal
chr19	49568928	49569698	NOSIP	10858	distal
chr19	49569935	49570793	NOSIP	9763	distal
chr19	49571261	49571965	NOSIP	8591	distal
chr19	49580156	49581058	NOSIP	0	promoter
chr19	51372446	51373370	NKG7	0	promoter
chr19	51375393	51376194	NKG7	-2693	distal
chr19	51739682	51740285	FPR1	11608	distal
chr19	51740385	51740745	FPR1	11148	distal
chr19	51747749	51748661	FPR1	3232	distal
chr19	51750321	51751012	FPR1	881	distal
chr19	51751527	51752396	FPR1	0	promoter
chr19	51753839	51754751	FPR1	-1931	distal
chr19	54029726	54030284	VSTM1	33613	distal
chr19	54047327	54048222	VSTM1	15675	distal
chr19	54049500	54050349	VSTM1	13548	distal
chr19	54062371	54063253	VSTM1	644	distal
chr19	54063623	54064409	VSTM1	0	promoter
chr2	10407897	10408688	ODC1	39092	distal
chr2	10408927	10409677	ODC1	38103	distal
chr2	10410119	10410957	ODC1	36823	distal
chr2	10412190	10413031	ODC1	34749	distal
chr2	10432224	10433126	ODC1	14654	distal
chr2	10434670	10435561	ODC1	12219	distal
chr2	10448021	10448894	ODC1	0	promoter
chr2	27428298	27429076	NRBP1	0	promoter
chr2	27430193	27430975	NRBP1	1541	distal
chr2	27431323	27432090	NRBP1	2671	distal
chr2	27442026	27442884	NRBP1	0	distal
chr2	38722107	38722972	SRSF7	28386	distal
chr2	38725703	38726566	SRSF7	24792	distal
chr2	38727352	38728201	SRSF7	23157	distal
chr2	38740624	38741518	SRSF7	9840	distal
chr2	38750956	38751803	SRSF7	0	promoter
chr2	85684592	85685443	GNLY	-8848	distal
chr2	85691921	85692861	GNLY	-1430	distal
chr2	85693904	85694762	GNLY	0	promoter
chr2	85698632	85699436	GNLY	4207	distal
chr2	85704604	85705379	GNLY	10179	distal
chr2	85705494	85705942	GNLY	11069	distal
chr2	85706578	85707098	GNLY	12153	distal
chr2	85707198	85707655	GNLY	12773	distal
chr2	85709071	85709948	GNLY	14646	distal
chr2	85710699	85711602	GNLY	16274	distal
chr2	85712087	85713030	GNLY	17662	distal
chr2	85716224	85717134	GNLY	21799	distal
chr2	85723709	85724578	GNLY	29284	distal
chr2	86764508	86765363	CD8A	25462	distal
chr2	86783723	86784588	CD8A	6237	distal
chr2	86785445	86785916	CD8A	4909	distal
chr2	86786019	86786579	CD8A	4246	distal
chr2	86790632	86791470	CD8A	0	promoter
chr2	86793465	86794321	CD8A	-1786	distal
chr2	86794743	86795470	CD8A	-3064	distal
chr2	86805793	86806592	CD8A	1804	distal
chr2	86807184	86807977	CD8A	419	distal
chr2	86808111	86808885	CD8A	0	promoter
chr2	86809466	86810190	CD8A	-1071	distal
chr2	86818712	86819564	CD8A	-10317	distal
chr2	86821136	86822032	CD8A	-12741	distal
chr2	86825766	86826669	CD8A	-17371	distal
chr2	86834754	86835503	CD8A	-26359	distal
chr2	95022020	95022835	MAL	-2873	distal
chr2	95023065	95023861	MAL	-1847	distal
chr2	95025416	95026340	MAL	0	promoter
chr2	95043123	95044049	MAL	0	distal
chr2	112831447	112832306	IL1B	4473	distal
chr2	112836356	112837268	IL1B	0	promoter
chr2	112839202	112840123	IL1B	-2424	distal
chr2	112841218	112842152	IL1B	-4440	distal
chr2	112869283	112870169	IL1B	-32505	distal
chr2	112871128	112871958	IL1B	-34350	distal
chr2	126527818	126528727	GYPC	-127431	distal
chr2	126634012	126634928	GYPC	-21230	distal
chr2	126644576	126645471	GYPC	-10687	distal
chr2	126655676	126656532	GYPC	0	promoter
chr2	126656986	126657505	GYPC	798	distal
chr2	126657624	126658385	GYPC	1436	distal
chr2	126658994	126659809	GYPC	2806	distal
chr2	126662345	126663172	GYPC	6157	distal
chr2	126664108	126664945	GYPC	7920	distal
chr2	126761942	126762824	GYPC	105754	distal
chr2	126777025	126777816	GYPC	120837	distal
chr2	136098270	136099025	CXCR4	17218	distal
chr2	136106357	136107173	CXCR4	9070	distal
chr2	136113028	136113915	CXCR4	2328	distal
chr2	136116122	136116659	CXCR4	0	promoter
chr2	136117719	136118546	CXCR4	0	promoter
chr2	136118966	136119782	CXCR4	-802	promoter
chr2	136124694	136125622	CXCR4	-6530	distal
chr2	136127259	136128078	CXCR4	-9095	distal
chr2	136129359	136130254	CXCR4	-11195	distal
chr2	136131879	136132535	CXCR4	-13715	distal
chr2	136136009	136136910	CXCR4	-17845	distal
chr2	136139374	136140278	CXCR4	-21210	distal
chr2	136162470	136163274	CXCR4	-44306	distal
chr2	136206515	136207081	CXCR4	-88351	distal
chr2	136207199	136207911	CXCR4	-89035	distal
chr2	136212576	136213492	CXCR4	-94412	distal
chr2	136214062	136214940	CXCR4	-95898	distal
chr2	136220775	136221635	CXCR4	-102611	distal
chr2	136225733	136226644	CXCR4	-107569	distal
chr2	136232623	136233188	CXCR4	-114459	distal
chr2	136238528	136239425	CXCR4	-120364	distal
chr2	136242391	136243316	CXCR4	-124227	distal
chr2	136245890	136246747	CXCR4	-127726	distal
chr2	136253315	136254204	CXCR4	-135151	distal
chr2	136255388	136256270	CXCR4	-137224	distal
chr2	136281163	136282067	CXCR4	-162999	distal
chr2	136305355	136306237	CXCR4	-187191	distal
chr2	136310948	136311796	CXCR4	-192784	distal
chr2	149544440	149545370	MMADHC	42232	distal
chr2	149587283	149588144	MMADHC	0	promoter
chr2	177212247	177213022	HNRNPA3	0	promoter
chr2	189625954	189626865	ASNSD1	-34520	distal
chr2	189657733	189658421	ASNSD1	-2964	distal
chr2	189658558	189659271	ASNSD1	-2114	distal
chr2	189660927	189661825	ASNSD1	0	promoter
chr2	230411462	230412382	SP100	-3560	distal
chr2	230415755	230416649	SP100	0	promoter
chr2	230418133	230418991	SP100	1378	distal
chr2	230430953	230431755	SP100	14198	distal
chr2	230434563	230435472	SP100	17808	distal
chr2	230439379	230440294	SP100	22624	distal
chr2	230441267	230442185	SP100	24512	distal
chr2	230447665	230448607	SP100	30910	distal
chr2	230457075	230457975	SP100	40320	distal
chr2	230472146	230473002	SP100	55391	distal
chr2	230473228	230474046	SP100	56473	distal
chr2	230496561	230497427	SP100	79806	distal
chr2	230525536	230526396	SP100	0	distal
chr20	23631806	23632665	CST3	0	distal
chr20	23637539	23638359	CST3	0	promoter
chr20	23642112	23642923	CST3	-3640	distal
chr20	23643450	23644255	CST3	-4978	distal
chr20	23646394	23647240	CST3	-7922	distal
chr20	24948701	24949599	CST7	0	promoter
chr20	24953439	24954329	CST7	4171	distal
chr20	24959359	24960114	CST7	10091	distal
chr20	24960725	24961582	CST7	11457	distal
chr20	32050931	32051771	HCK	-417	promoter
chr20	32052434	32053278	HCK	10	promoter
chr20	32055904	32056691	HCK	3480	distal
chr20	32056938	32057764	HCK	4514	distal
chr20	32062505	32063340	HCK	10081	distal
chr20	32063724	32064446	HCK	11300	distal
chr20	32066920	32067799	HCK	14496	distal
chr20	32068569	32069485	HCK	16145	distal
chr20	32076928	32077918	HCK	24504	distal
chr20	32078584	32079461	HCK	26160	distal
chr20	32091627	32092518	HCK	0	distal
chr20	36541057	36541871	MYL9	0	promoter
chr20	36542005	36542609	MYL9	487	distal
chr20	36556286	36557177	MYL9	14768	distal
chr20	44885200	44886081	YWHAB	0	promoter
chr20	44888410	44889314	YWHAB	2700	distal
chr20	44896359	44897245	YWHAB	10649	distal
chr21	46540142	46541042	S100B	61851	distal
chr21	46550315	46551156	S100B	51737	distal
chr21	46551715	46552100	S100B	50793	distal
chr21	46552207	46552872	S100B	50021	distal
chr21	46559176	46560098	S100B	42795	distal
chr21	46567921	46568624	S100B	34269	distal
chr21	46587981	46588841	S100B	14052	distal
chr21	46604736	46605401	S100B	0	promoter
chr21	46605800	46606706	S100B	-593	promoter
chr21	46616933	46617860	S100B	-11726	distal
chr21	46618563	46619454	S100B	-13356	distal
chr22	17084505	17085373	IL17RA	0	promoter
chr22	17087488	17088400	IL17RA	2530	distal
chr22	17098164	17099083	IL17RA	13206	distal
chr22	17106538	17107459	IL17RA	0	distal
chr22	17706169	17707046	BID	66970	distal
chr22	17726655	17727587	BID	46429	distal
chr22	17742131	17743041	BID	30975	distal
chr22	17751468	17752163	BID	21853	distal
chr22	17754109	17754968	BID	19048	distal
chr22	17760042	17760906	BID	13110	distal
chr22	17767457	17768134	BID	5882	distal
chr22	17769149	17769988	BID	4028	distal
chr22	17771329	17772243	BID	1773	distal
chr22	17773987	17774770	BID	0	promoter
chr22	28789960	28790879	XBP1	9254	distal
chr22	28798959	28799657	XBP1	476	distal
chr22	28800132	28801045	XBP1	0	promoter
chr22	31272572	31273479	PIK3IP1	19000	distal
chr22	31278746	31279649	PIK3IP1	12830	distal
chr22	31286078	31286956	PIK3IP1	5523	distal
chr22	31290376	31291263	PIK3IP1	1216	distal
chr22	31292123	31292974	PIK3IP1	0	promoter
chr22	31295305	31296014	PIK3IP1	-2772	distal
chr22	31308043	31308874	PIK3IP1	-15510	distal
chr22	31312974	31313887	PIK3IP1	-20441	distal
chr22	37133222	37134079	IL2RB	15837	distal
chr22	37149605	37150519	IL2RB	0	promoter
chr22	37574309	37575219	LGALS2	4868	distal
chr22	37579734	37580621	LGALS2	0	promoter
chr22	37581342	37582197	LGALS2	-1256	distal
chr22	37590154	37591071	LGALS2	-10068	distal
chr22	37592182	37593090	LGALS2	-12096	distal
chr22	37674761	37675631	LGALS1	-5	promoter
chr22	37676881	37677810	LGALS1	1246	distal
chr22	43148601	43149280	TSPO	-2267	distal
chr22	43151023	43151867	TSPO	0	promoter
chr22	43152130	43152980	TSPO	196	distal
chr22	43154606	43155512	TSPO	2672	distal
chr22	43992903	43993801	PARVB	-5410	distal
chr22	43995832	43996729	PARVB	-2482	distal
chr22	44005262	44006146	PARVB	6052	distal
chr22	44023890	44024735	PARVB	0	promoter
chr22	44025331	44026143	PARVB	-161	promoter
chr22	44026627	44027513	PARVB	324	distal
chr22	44030839	44031650	PARVB	4536	distal
chr22	44042008	44042864	PARVB	15705	distal
chr22	44047762	44048660	PARVB	-20401	distal
chr22	44049462	44050350	PARVB	-18711	distal
chr22	44068354	44069244	PARVB	0	promoter
chr22	44080871	44081745	PARVB	11811	distal
chr22	44085516	44086369	PARVB	0	distal
chr22	44116328	44117228	PARVB	0	distal
chr22	44127161	44128039	PARVB	0	distal
chr22	44143105	44144028	PARVB	0	distal
chr22	44172195	44173067	PARVB	0	distal
chr22	46267458	46268358	TTC38	0	promoter
chr22	46280740	46281625	TTC38	12701	distal
chr22	46286677	46287415	TTC38	0	distal
chr22	46287989	46288864	TTC38	0	distal
chr22	46290382	46291146	TTC38	0	distal
chr22	46293291	46294126	TTC38	0	distal
chr22	50525291	50526139	SCO2	0	promoter
chr22	50525291	50526139	TYMP	0	distal
chr22	50529684	50530551	TYMP	0	promoter
chr3	3170713	3171634	CRBN	8076	distal
chr3	3172569	3173079	CRBN	6631	distal
chr3	3173195	3173900	CRBN	5810	distal
chr3	3179274	3180169	CRBN	0	promoter
chr3	3191736	3192637	CRBN	-12010	distal
chr3	3296730	3297625	CRBN	-117004	distal
chr3	12719806	12720670	TMEM40	38589	distal
chr3	12734740	12735636	TMEM40	23623	distal
chr3	12749135	12750041	TMEM40	9218	distal
chr3	12782285	12783010	TMEM40	-12829	distal
chr3	18372730	18373611	SATB1	0	distal
chr3	18388822	18389734	SATB1	0	distal
chr3	18401252	18401977	SATB1	0	distal
chr3	18402229	18403092	SATB1	0	distal
chr3	18409020	18409749	SATB1	0	distal
chr3	18411334	18412215	SATB1	0	distal
chr3	18425552	18425996	SATB1	-214	promoter
chr3	18438274	18439178	SATB1	0	promoter
chr3	112320431	112321342	CD200	-11814	distal
chr3	112327142	112328027	CD200	-5129	distal
chr3	112332923	112333734	CD200	0	promoter
chr3	112357906	112358731	CD200	24729	distal
chr3	112364110	112364975	CD200	30933	distal
chr3	121834674	121835583	EAF2	0	promoter
chr3	129045528	129046373	GP9	-14394	distal
chr3	129053179	129054075	GP9	-6692	distal
chr3	129058151	129059045	GP9	-1722	distal
chr3	129068175	129068953	GP9	7409	distal
chr3	129087822	129088548	GP9	27056	distal
chr3	186772468	186773372	EIF4A2	-10205	distal
chr3	186783019	186783792	EIF4A2	0	promoter
chr3	186783915	186784446	EIF4A2	0	distal
chr4	1167203	1168090	SPON2	0	distal
chr4	1171056	1171927	SPON2	656	distal
chr4	1176927	1177810	SPON2	-3717	distal
chr4	1184046	1184957	SPON2	-10836	distal
chr4	1186918	1187825	SPON2	-13708	distal
chr4	1201349	1201693	SPON2	7269	distal
chr4	1201805	1202480	SPON2	6482	distal
chr4	1203419	1204238	SPON2	4724	distal
chr4	4269510	4270280	LYAR	19741	distal
chr4	4289742	4290638	LYAR	0	promoter
chr4	6715763	6716631	BLOC1S4	0	promoter
chr4	6719977	6720887	BLOC1S4	3804	distal
chr4	6732422	6733298	BLOC1S4	16249	distal
chr4	15955943	15956839	FGFBP2	6336	distal
chr4	15961542	15962458	FGFBP2	717	distal
chr4	15963084	15963936	FGFBP2	0	promoter
chr4	15991684	15992511	FGFBP2	-28510	distal
chr4	16001165	16002043	FGFBP2	-37991	distal
chr4	57050871	57051784	IGFBP7	0	distal
chr4	57089844	57090837	IGFBP7	0	distal
chr4	57110139	57111027	IGFBP7	0	promoter
chr4	101417817	101418683	BANK1	-1278	distal
chr4	101419376	101420236	BANK1	0	promoter
chr4	101458681	101459511	BANK1	38721	distal
chr4	101526942	101527854	BANK1	106982	distal
chr4	101596613	101597447	BANK1	0	distal
chr4	101693833	101694716	BANK1	0	distal
chr4	101699311	101700270	BANK1	0	distal
chr4	101723850	101724753	BANK1	-65854	distal
chr4	101730161	101731089	BANK1	-59518	distal
chr4	101790349	101791211	BANK1	0	promoter
chr4	101792101	101792831	BANK1	1372	distal
chr4	101801700	101802593	BANK1	10971	distal
chr4	101806785	101807607	BANK1	-6219	distal
chr4	101813431	101814289	BANK1	0	promoter
chr4	101833256	101834146	BANK1	19431	distal
chr4	101835285	101836164	BANK1	21460	distal
chr4	101842879	101843785	BANK1	29054	distal
chr4	101852893	101853760	BANK1	39068	distal
chr4	101862261	101863204	BANK1	48436	distal
chr4	102007574	102008457	BANK1	0	distal
chr4	102037257	102038124	BANK1	0	distal
chr4	141220584	141221420	ZNF330	0	promoter
chr5	35852145	35852927	IL7R	-3964	distal
chr5	35853507	35853973	IL7R	-2918	distal
chr5	35854094	35854840	IL7R	-2051	distal
chr5	35856410	35857314	IL7R	0	promoter
chr5	35858841	35859727	IL7R	1950	distal
chr5	35868483	35869432	IL7R	11592	distal
chr5	35884145	35885004	IL7R	27254	distal
chr5	55022181	55023085	GZMK	-1171	distal
chr5	55023784	55024586	GZMK	0	promoter
chr5	55027335	55028200	GZMK	3080	distal
chr5	55095771	55096392	GZMA	-6254	distal
chr5	55096665	55097505	GZMA	-5141	distal
chr5	55101208	55101902	GZMA	-744	promoter
chr5	55102183	55103047	GZMA	0	promoter
chr5	55103774	55104639	GZMA	1129	distal
chr5	67146441	67147244	CD180	49555	distal
chr5	67156707	67157635	CD180	39164	distal
chr5	67160800	67161623	CD180	35176	distal
chr5	67165816	67166654	CD180	30145	distal
chr5	67170519	67171444	CD180	25355	distal
chr5	67176635	67177447	CD180	19352	distal
chr5	67177869	67178687	CD180	18112	distal
chr5	67181414	67182328	CD180	14471	distal
chr5	67187076	67187963	CD180	8836	distal
chr5	67188556	67189505	CD180	7294	distal
chr5	67192798	67193696	CD180	3103	distal
chr5	67194116	67194867	CD180	1932	distal
chr5	67196499	67197338	CD180	0	promoter
chr5	67200119	67200756	CD180	-3321	distal
chr5	67202601	67203500	CD180	-5803	distal
chr5	67206669	67207543	CD180	-9871	distal
chr5	67208927	67209819	CD180	-12129	distal
chr5	67215551	67216468	CD180	-18753	distal
chr5	67221459	67222198	CD180	-24661	distal
chr5	67222319	67222755	CD180	-25521	distal
chr5	119187509	119188421	TNFAIP8	-80271	distal
chr5	119220304	119221168	TNFAIP8	-47524	distal
chr5	119238652	119239558	TNFAIP8	-29134	distal
chr5	119268083	119268998	TNFAIP8	0	promoter
chr5	119273188	119274084	TNFAIP8	4497	distal
chr5	119275378	119276302	TNFAIP8	6687	distal
chr5	119277841	119278722	TNFAIP8	9150	distal
chr5	119285343	119286182	TNFAIP8	16652	distal
chr5	119287275	119288167	TNFAIP8	18584	distal
chr5	119289999	119290882	TNFAIP8	21308	distal
chr5	119292920	119293878	TNFAIP8	24229	distal
chr5	119299369	119300241	TNFAIP8	30678	distal
chr5	119308652	119309557	TNFAIP8	-23618	distal
chr5	119315331	119316253	TNFAIP8	-16922	distal
chr5	119318060	119318943	TNFAIP8	-14232	distal
chr5	119322504	119323407	TNFAIP8	-9768	distal
chr5	119323949	119324793	TNFAIP8	-8382	distal
chr5	119328648	119329470	TNFAIP8	-3705	distal
chr5	119330092	119330982	TNFAIP8	-2193	distal
chr5	119337169	119338098	TNFAIP8	3995	distal
chr5	119338281	119339174	TNFAIP8	5107	distal
chr5	119340353	119341223	TNFAIP8	7179	distal
chr5	119341494	119342337	TNFAIP8	8320	distal
chr5	119343565	119344374	TNFAIP8	10391	distal
chr5	119346012	119346736	TNFAIP8	-8037	distal
chr5	119355562	119356300	TNFAIP8	0	promoter
chr5	119367527	119368038	TNFAIP8	11493	distal
chr5	119368151	119368802	TNFAIP8	12117	distal
chr5	134068515	134069302	TCF7	-45379	distal
chr5	134070841	134071788	TCF7	-42893	distal
chr5	134077952	134078776	TCF7	-35905	distal
chr5	134079542	134080390	TCF7	-34291	distal
chr5	134086685	134087593	TCF7	-27088	distal
chr5	134090261	134091182	TCF7	-23499	distal
chr5	134097045	134097909	TCF7	-16772	distal
chr5	134100097	134100973	TCF7	-13708	distal
chr5	134101685	134102582	TCF7	-12099	distal
chr5	134104903	134105710	TCF7	-8971	distal
chr5	134110235	134111114	TCF7	-3567	distal
chr5	134111556	134112451	TCF7	-2230	distal
chr5	134114135	134114981	TCF7	0	promoter
chr5	134115430	134116090	TCF7	0	promoter
chr5	134122306	134123195	TCF7	6682	distal
chr5	134124313	134125140	TCF7	8689	distal
chr5	134129262	134130099	TCF7	13638	distal
chr5	134132209	134133097	TCF7	16585	distal
chr5	134140355	134141150	TCF7	24731	distal
chr5	134145578	134146490	TCF7	29954	distal
chr5	140602017	140602585	CD14	30590	distal
chr5	140602702	140603408	CD14	29767	distal
chr5	140603745	140604482	CD14	28693	distal
chr5	140606799	140607707	CD14	25468	distal
chr5	140608812	140609656	CD14	23519	distal
chr5	140611788	140612690	CD14	20485	distal
chr5	140627796	140628523	CD14	4652	distal
chr5	140630739	140631518	CD14	1657	distal
chr5	140634723	140635614	CD14	-1023	distal
chr5	141320217	141321129	TAF7	0	promoter
chr5	151663407	151664286	SPARC	0	distal
chr5	151674576	151675445	SPARC	0	distal
chr5	151675865	151676477	SPARC	0	distal
chr5	151677607	151678498	SPARC	0	distal
chr5	151686490	151687424	SPARC	0	promoter
chr5	179533730	179534487	RUFY1	-16067	distal
chr5	179544297	179545164	RUFY1	-5390	distal
chr5	179550166	179551211	RUFY1	0	promoter
chr5	179559207	179560117	RUFY1	0	promoter
chr5	179599665	179600531	RUFY1	0	distal
chr5	179607845	179608667	RUFY1	0	distal
chr5	179622408	179623189	HNRNPH1	0	promoter
chr5	179623368	179624258	HNRNPH1	0	promoter
chr5	179913874	179914758	RNF130	0	distal
chr5	179919220	179920113	RNF130	0	distal
chr5	179923209	179924108	RNF130	0	distal
chr5	179959387	179960281	RNF130	0	distal
chr5	179970835	179971742	RNF130	0	distal
chr5	179974920	179975802	RNF130	0	distal
chr5	180007372	180008207	RNF130	0	distal
chr5	180020020	180020920	RNF130	0	distal
chr5	180026258	180027042	RNF130	44679	distal
chr5	180027385	180028203	RNF130	43518	distal
chr5	180069571	180070411	RNF130	1310	distal
chr5	180071534	180072416	RNF130	0	promoter
chr5	180080351	180081217	RNF130	-8251	distal
chr5	180085608	180086456	RNF130	-13508	distal
chr5	180090123	180091012	RNF130	-18023	distal
chr5	180093393	180094300	RNF130	-21293	distal
chr6	6546696	6547499	LY86	-40609	distal
chr6	6556467	6557369	LY86	-30739	distal
chr6	6579075	6580020	LY86	-8088	distal
chr6	6580780	6581664	LY86	-6444	distal
chr6	6583664	6584364	LY86	-3744	distal
chr6	6584489	6585250	LY86	-2858	distal
chr6	6586659	6587507	LY86	-601	promoter
chr6	6588338	6589196	LY86	0	promoter
chr6	6591762	6592672	LY86	3043	distal
chr6	6593048	6593598	LY86	4329	distal
chr6	6596297	6597192	LY86	7578	distal
chr6	6606150	6607094	LY86	0	distal
chr6	6609838	6610772	LY86	0	distal
chr6	6612072	6612915	LY86	0	distal
chr6	6613975	6614726	LY86	0	distal
chr6	6614854	6615450	LY86	0	distal
chr6	6619320	6620235	LY86	0	distal
chr6	6636510	6637414	LY86	0	distal
chr6	6654487	6655382	LY86	0	distal
chr6	26123695	26124527	HIST1H2AC	0	promoter
chr6	26125519	26126471	HIST1H2AC	1317	distal
chr6	30678742	30679627	PPP1R18	5117	distal
chr6	30682248	30683160	PPP1R18	1584	distal
chr6	30686455	30687014	PPP1R18	0	promoter
chr6	30687124	30687715	PPP1R18	0	promoter
chr6	31580545	31581457	LTB	968	distal
chr6	31582113	31582968	LTB	0	promoter
chr6	31586243	31586984	LST1	0	promoter
chr6	31614119	31614793	AIF1	-441	promoter
chr6	31615648	31616216	AIF1	0	promoter
chr6	32431739	32432644	HLA-DRA	-7234	distal
chr6	32437095	32438011	HLA-DRA	-1867	distal
chr6	32439341	32440253	HLA-DRA	0	promoter
chr6	32452149	32452951	HLA-DRA	12263	distal
chr6	32453457	32454222	HLA-DRA	13571	distal
chr6	32459654	32460514	HLA-DRA	19768	distal
chr6	32472953	32473510	HLA-DRA	33067	distal
chr6	32484066	32484989	HLA-DRA	44180	distal
chr6	32489715	32490578	HLA-DRB5	39709	distal
chr6	32521532	32522345	HLA-DRB5	7942	distal
chr6	32525541	32526441	HLA-DRB5	3846	distal
chr6	32529736	32530656	HLA-DRB5	0	promoter
chr6	32533282	32534096	HLA-DRB5	-2996	distal
chr6	32557263	32557968	HLA-DRB5	-26977	distal
chr6	32558435	32559214	HLA-DRB5	-28149	distal
chr6	32577245	32578143	HLA-DRB1	11705	distal
chr6	32578518	32579454	HLA-DRB1	10394	distal
chr6	32580216	32581128	HLA-DRB1	8720	distal
chr6	32583831	32584691	HLA-DRB1	5157	distal
chr6	32585885	32586835	HLA-DRB1	3013	distal
chr6	32589392	32590307	HLA-DRB1	0	promoter
chr6	32591623	32592453	HLA-DRB1	-1776	distal
chr6	32603982	32604387	HLA-DRB1	-14135	distal
chr6	32604469	32604821	HLA-DRB1	-14622	distal
chr6	32607314	32608151	HLA-DRB1	-17467	distal
chr6	32609570	32610483	HLA-DRB1	-19723	distal
chr6	32622544	32623469	HLA-DQA1	-13932	distal
chr6	32627617	32628519	HLA-DQA1	-8882	distal
chr6	32636857	32637767	HLA-DQA1	0	promoter
chr6	32642227	32643107	HLA-DQA1	4808	distal
chr6	32664530	32665320	HLA-DQB1	1332	distal
chr6	32666259	32667159	HLA-DQB1	0	promoter
chr6	32668041	32668956	HLA-DQB1	0	promoter
chr6	32670517	32671418	HLA-DQB1	-2135	distal
chr6	32679294	32680162	HLA-DQB1	-10912	distal
chr6	32685381	32686281	HLA-DQB1	-16999	distal
chr6	32689961	32690771	HLA-DQB1	-21579	distal
chr6	32691754	32692655	HLA-DQB1	-23372	distal
chr6	32740956	32741757	HLA-DQA2	0	promoter
chr6	32742267	32743067	HLA-DQA2	877	distal
chr6	32745586	32746388	HLA-DQA2	4196	distal
chr6	32920397	32921286	HLA-DMB	19742	distal
chr6	32933366	32934254	HLA-DMB	6774	distal
chr6	32935930	32936676	HLA-DMB	4352	distal
chr6	32936973	32937843	HLA-DMB	3185	distal
chr6	32940870	32941582	HLA-DMB	0	promoter
chr6	32943977	32944811	HLA-DMB	-2950	distal
chr6	32945184	32945983	HLA-DMB	-4157	distal
chr6	32947543	32948411	HLA-DMA	4650	distal
chr6	32952752	32953674	HLA-DMA	0	promoter
chr6	32954674	32955565	HLA-DMA	-1567	distal
chr6	33049719	33050635	HLA-DPB1	-25355	distal
chr6	33057177	33058058	HLA-DPB1	-17932	distal
chr6	33061669	33062610	HLA-DPB1	-13380	distal
chr6	33073244	33074123	HLA-DPB1	-1867	distal
chr6	33073244	33074123	HLA-DPA1	0	distal
chr6	33075410	33076326	HLA-DPA1	0	distal
chr6	33075410	33076326	HLA-DPB1	0	promoter
chr6	33082444	33083342	HLA-DPA1	-1735	distal
chr6	33082444	33083342	HLA-DPB1	0	distal
chr6	33091692	33092553	HLA-DPA1	-10983	distal
chr6	33107427	33108310	HLA-DPA1	-26718	distal
chr6	33111916	33112817	HLA-DPA1	-31207	distal
chr6	35259121	35260004	ZNF76	0	promoter
chr6	41157049	41157945	TREML1	-2713	distal
chr6	42876808	42877717	RPL7L1	-1899	distal
chr6	42879341	42880282	RPL7L1	0	promoter
chr6	42911308	42912146	PTCRA	-3843	distal
chr6	42915569	42916381	PTCRA	0	promoter
chr6	42923445	42924303	PTCRA	0	distal
chr6	149749287	149750153	PCMT1	0	promoter
chr6	149752847	149753716	PCMT1	3120	distal
chr6	149761207	149762108	PCMT1	11480	distal
chr6	149766142	149767051	PCMT1	16415	distal
chr6	159039011	159039910	TAGAP	5108	distal
chr6	159042093	159042985	TAGAP	2033	distal
chr6	159043336	159044122	TAGAP	896	distal
chr6	159044638	159045548	TAGAP	0	promoter
chr6	159052457	159053129	TAGAP	-7306	distal
chr6	159053544	159054456	TAGAP	-8393	distal
chr6	159054774	159055578	TAGAP	-9623	distal
chr6	159055816	159056681	TAGAP	-10665	distal
chr6	159062203	159063080	TAGAP	-17052	distal
chr6	159068639	159069510	TAGAP	-23488	distal
chr7	43747400	43748200	BLVRA	-10480	distal
chr7	43750692	43751596	BLVRA	-7084	distal
chr7	43758424	43759230	BLVRA	0	promoter
chr7	43762157	43763013	BLVRA	3471	distal
chr7	43763950	43764579	BLVRA	5264	distal
chr7	43764715	43765456	BLVRA	6029	distal
chr7	43768979	43769805	BLVRA	10293	distal
chr7	43791389	43792254	BLVRA	32703	distal
chr7	43808164	43809087	BLVRA	49478	distal
chr7	44977058	44977967	MYO1G	1048	distal
chr7	44978696	44979613	MYO1G	0	promoter
chr7	44980361	44981235	MYO1G	-1329	distal
chr7	74764270	74765158	NCF1	-8804	distal
chr7	74768147	74769040	NCF1	-4922	distal
chr7	74788329	74789232	NCF1	14368	distal
chr7	93921491	93922416	GNG11	0	promoter
chr7	100088512	100089413	COPS6	0	promoter
chr7	100705568	100706432	POP7	0	promoter
chr7	103279945	103280862	PMPCB	-16573	distal
chr7	103297001	103297896	PMPCB	0	promoter
chr7	103344315	103345164	DNAJC2	0	promoter
chr7	150714879	150715508	GIMAP1	-1105	distal
chr7	150716074	150716969	GIMAP1	0	promoter
chr7	150717791	150718671	GIMAP1	1179	distal
chr7	151080380	151081268	TMUB1	0	distal
chr7	151083123	151083981	TMUB1	0	promoter
chr8	11853670	11854549	CTSB	0	distal
chr8	11856889	11857693	CTSB	10386	distal
chr8	11858402	11859312	CTSB	8767	distal
chr8	11862270	11863184	CTSB	4895	distal
chr8	11867714	11868561	CTSB	0	promoter
chr8	11874470	11875357	CTSB	-6359	distal
chr8	11877504	11878341	CTSB	-9393	distal
chr8	11878477	11879052	CTSB	-10366	distal
chr8	11885805	11886572	CTSB	-17694	distal
chr8	11887032	11887880	CTSB	-18921	distal
chr8	11888437	11889325	CTSB	-20326	distal
chr8	11891295	11892143	CTSB	-23184	distal
chr8	11896948	11897835	CTSB	-28837	distal
chr8	11902038	11902933	CTSB	-33927	distal
chr8	22422332	22423242	PPP3CC	-17577	distal
chr8	22430045	22430934	PPP3CC	-9885	distal
chr8	22440577	22441470	PPP3CC	0	promoter
chr8	22443534	22444405	PPP3CC	2399	distal
chr8	22447754	22448655	PPP3CC	6619	distal
chr8	22458874	22459756	PPP3CC	17739	distal
chr8	22531451	22532353	PPP3CC	0	distal
chr8	22537865	22538761	PPP3CC	0	distal
chr8	22540126	22540997	PPP3CC	0	distal
chr8	27592033	27592898	CLU	18459	distal
chr8	27596879	27597776	CLU	13581	distal
chr8	27601651	27602676	CLU	8681	distal
chr8	27611104	27611972	CLU	0	promoter
chr8	27614107	27614966	CLU	0	promoter
chr8	42385136	42386038	VDAC3	-5826	distal
chr8	42391415	42392289	VDAC3	0	promoter
chr8	42405728	42406560	VDAC3	13826	distal
chr8	42412336	42413245	VDAC3	20434	distal
chr8	85467446	85468373	CA2	3440	distal
chr8	144428134	144429015	VPS28	0	promoter
chr9	35649234	35650063	SIT1	868	distal
chr9	35650565	35651420	SIT1	0	promoter
chr9	131125080	131125982	NUP214	0	promoter
chr9	131178030	131178911	NUP214	0	distal
chr9	131179582	131180514	NUP214	-9607	distal
chr9	131203283	131204204	NUP214	0	distal
chr9	131227669	131228549	NUP214	0	distal
chr9	131233902	131234413	NUP214	0	distal
chr9	134907271	134908162	FCN1	9715	distal
chr9	134915845	134916711	FCN1	1166	distal
chr9	134917519	134918378	FCN1	0	promoter
chr9	134919049	134919946	FCN1	-1138	distal
chr9	134922343	134923185	FCN1	-4432	distal
chr9	134924745	134925672	FCN1	-6834	distal
chr9	136726373	136727061	SNHG7	155	distal
chr9	136727785	136728690	SNHG7	0	promoter
chr9	136996102	136997017	CLIC3	0	promoter
chr9	137000003	137000893	CLIC3	-3436	distal
chrX	23782715	23783586	SAT1	0	promoter
chrX	23802183	23803019	SAT1	19011	distal
chrX	23810943	23811834	SAT1	27771	distal
chrX	23817012	23817925	SAT1	33840	distal
chrX	23826424	23827276	SAT1	43252	distal
chrX	23838711	23839623	SAT1	55539	distal
chrX	23841537	23842483	SAT1	58365	distal
chrX	23844324	23845248	SAT1	61152	distal
chrX	47623415	47624341	CFP	0	distal
chrX	47629832	47630628	CFP	0	promoter
chrX	47632416	47633278	CFP	-2112	distal
chrX	47633986	47634759	CFP	-3682	distal
chrX	47634923	47635756	CFP	-4619	distal
chrX	47637377	47638289	CFP	-7073	distal
chrX	119235853	119236726	PGRMC1	0	promoter
